               epoch,      train/box_loss,      train/obj_loss,      train/cls_loss,   metrics/precision,      metrics/recall,     metrics/mAP_0.5,metrics/mAP_0.5:0.95,        val/box_loss,        val/obj_loss,        val/cls_loss,               x/lr0,               x/lr1,               x/lr2
                   0,             0.12717,            0.012963,            0.053981,                   0,                   0,                   0,                   0,            0.082642,           0.0090667,            0.032794,              0.0991,              0.0001,              0.0001
                   1,             0.10674,            0.011016,            0.042795,                   0,                   0,                   0,                   0,            0.082118,           0.0090828,             0.03273,            0.097297,          0.00029703,          0.00029703
